{
  "training_configurations": {
    "sft": {
      "description": "Supervised Fine-Tuning with curriculum learning",
      "model_config": {
        "model_name": "google/gemma-2b-it",
        "torch_dtype": "bfloat16",
        "device_map": "auto",
        "trust_remote_code": true,
        "use_cache": false
      },
      "training_args": {
        "output_dir": "./checkpoints/sft",
        "num_train_epochs": 3,
        "per_device_train_batch_size": 4,
        "gradient_accumulation_steps": 2,
        "learning_rate": 2e-5,
        "weight_decay": 0.01,
        "warmup_ratio": 0.03,
        "lr_scheduler_type": "cosine",
        "max_grad_norm": 0.3,
        "fp16": false,
        "bf16": true,
        "dataloader_drop_last": false,
        "eval_strategy": "steps",
        "eval_steps": 100,
        "save_strategy": "steps",
        "save_steps": 100,
        "logging_steps": 10,
        "report_to": "wandb",
        "run_name": "sft-curriculum-training"
      },
      "lora_config": {
        "r": 16,
        "lora_alpha": 32,
        "lora_dropout": 0.1,
        "bias": "none",
        "task_type": "CAUSAL_LM",
        "target_modules": "all-linear"
      },
      "curriculum_learning": {
        "enable": true,
        "difficulty_levels": ["easy", "medium", "hard", "expert"],
        "epochs_per_level": [1, 1, 1, 2],
        "transition_threshold": 0.85,
        "adaptive_progression": true
      }
    },
    
    "grpo": {
      "description": "Group Relative Policy Optimization with advanced reward functions",
      "model_config": {
        "model_name": "google/gemma-2b-it",
        "torch_dtype": "bfloat16",
        "device_map": "auto",
        "trust_remote_code": true,
        "use_cache": false
      },
      "grpo_config": {
        "output_dir": "./checkpoints/grpo",
        "learning_rate": 1e-5,
        "adam_beta1": 0.9,
        "adam_beta2": 0.99,
        "weight_decay": 0.1,
        "warmup_steps": 100,
        "lr_scheduler_type": "cosine_with_restarts",
        "logging_steps": 1,
        "bf16": true,
        "per_device_train_batch_size": 2,
        "gradient_accumulation_steps": 4,
        "num_generations": 4,
        "max_prompt_length": 512,
        "max_completion_length": 256,
        "num_train_epochs": 2,
        "save_steps": 100,
        "use_vllm": true,
        "vllm_gpu_memory_utilization": 0.8,
        "vllm_mode": "colocate",
        "report_to": "wandb",
        "run_name": "grpo-advanced-training"
      },
      "lora_config": {
        "r": 8,
        "lora_alpha": 16,
        "lora_dropout": 0.1,
        "bias": "none",
        "task_type": "CAUSAL_LM",
        "target_modules": "all-linear"
      },
      "reward_functions": {
        "format_reward": {
          "weight": 1.0,
          "description": "Reward for correct XML format"
        },
        "correctness_reward": {
          "weight": 2.0,
          "description": "Reward for correct answer"
        },
        "reasoning_quality_reward": {
          "weight": 1.5,
          "description": "Reward for reasoning quality"
        },
        "length_penalty": {
          "weight": 0.5,
          "optimal_length": 100,
          "max_length": 200,
          "description": "Penalty for overly long responses"
        }
      },
      "generation_kwargs": {
        "temperature": 0.7,
        "top_p": 0.9,
        "frequency_penalty": 0.0,
        "presence_penalty": 0.0
      }
    },
    
    "dpo": {
      "description": "Direct Preference Optimization with self-training",
      "model_config": {
        "model_name": "google/gemma-2b-it",
        "torch_dtype": "bfloat16",
        "device_map": "auto",
        "trust_remote_code": true,
        "use_cache": false
      },
      "training_args": {
        "output_dir": "./checkpoints/dpo",
        "per_device_train_batch_size": 2,
        "gradient_accumulation_steps": 4,
        "learning_rate": 1e-5,
        "num_train_epochs": 2,
        "warmup_ratio": 0.1,
        "lr_scheduler_type": "cosine",
        "fp16": false,
        "bf16": true,
        "logging_steps": 10,
        "save_strategy": "steps",
        "save_steps": 100,
        "eval_strategy": "steps",
        "eval_steps": 100,
        "report_to": "wandb",
        "run_name": "dpo-preference-training"
      },
      "lora_config": {
        "r": 8,
        "lora_alpha": 16,
        "lora_dropout": 0.1,
        "bias": "none",
        "task_type": "CAUSAL_LM",
        "target_modules": "all-linear"
      },
      "dpo_config": {
        "beta": 0.1,
        "loss_type": "sigmoid",
        "reference_free": false,
        "label_smoothing": 0.0
      },
      "self_training": {
        "enable": true,
        "iterations": 3,
        "generation_batch_size": 8,
        "quality_threshold": 0.8,
        "diversity_threshold": 0.7
      }
    }
  },
  
  "dataset_configurations": {
    "curriculum_learning": {
      "enable": true,
      "difficulty_levels": ["easy", "medium", "hard", "expert"],
      "samples_per_level": [100, 150, 200, 250],
      "difficulty_criteria": {
        "easy": {
          "max_entities": 4,
          "max_constraints": 3,
          "reasoning_steps": 3
        },
        "medium": {
          "max_entities": 6,
          "max_constraints": 5,
          "reasoning_steps": 5
        },
        "hard": {
          "max_entities": 8,
          "max_constraints": 8,
          "reasoning_steps": 8
        },
        "expert": {
          "max_entities": 12,
          "max_constraints": 12,
          "reasoning_steps": 10
        }
      }
    },
    
    "data_augmentation": {
      "enable": true,
      "augmentation_ratio": 2.0,
      "techniques": [
        "paraphrasing",
        "entity_substitution",
        "constraint_variation",
        "difficulty_scaling"
      ]
    },
    
    "quality_filtering": {
      "enable": true,
      "minimum_quality_score": 0.8,
      "validation_criteria": [
        "format_correctness",
        "logical_consistency",
        "answer_correctness",
        "reasoning_quality"
      ]
    }
  },
  
  "optimization_settings": {
    "amd_mi300x": {
      "enable_rocm_optimizations": true,
      "memory_fraction": 0.9,
      "enable_flash_attention": true,
      "use_bf16": true,
      "gradient_checkpointing": true,
      "compile_model": true
    },
    
    "performance": {
      "max_workers": 4,
      "prefetch_factor": 2,
      "pin_memory": true,
      "persistent_workers": true
    },
    
    "memory_optimization": {
      "gradient_checkpointing": true,
      "cpu_offload": false,
      "zero_stage": 2,
      "activation_checkpointing": true
    }
  },
  
  "monitoring": {
    "wandb": {
      "project": "aaipl-enhanced-training",
      "entity": null,
      "tags": ["logical-reasoning", "curriculum-learning", "advanced-training"],
      "notes": "Enhanced training with GRPO, DPO, and curriculum learning"
    },
    
    "metrics": {
      "training_metrics": [
        "loss",
        "learning_rate",
        "grad_norm",
        "epoch",
        "step"
      ],
      "evaluation_metrics": [
        "accuracy",
        "format_correctness",
        "reasoning_quality",
        "confidence_score"
      ],
      "custom_metrics": [
        "curriculum_stage",
        "difficulty_progression",
        "reward_scores",
        "preference_accuracy"
      ]
    },
    
    "logging": {
      "level": "INFO",
      "save_logs": true,
      "log_frequency": 10,
      "detailed_logging": true
    }
  },
  
  "evaluation": {
    "validation_split": 0.1,
    "test_split": 0.1,
    "evaluation_frequency": "epoch",
    "metrics": [
      "exact_match_accuracy",
      "reasoning_quality_score",
      "format_correctness_rate",
      "confidence_calibration"
    ],
    
    "benchmarks": {
      "internal_validation": {
        "enable": true,
        "dataset_path": "./data/validation_set.json"
      },
      "external_benchmarks": {
        "enable": false,
        "benchmark_datasets": []
      }
    }
  },
  
  "experimental_features": {
    "multi_agent_training": {
      "enable": false,
      "num_agents": 2,
      "collaboration_strategy": "debate"
    },
    
    "adversarial_training": {
      "enable": false,
      "adversarial_ratio": 0.1,
      "attack_methods": ["textfooler", "bertattack"]
    },
    
    "meta_learning": {
      "enable": false,
      "adaptation_steps": 5,
      "meta_lr": 1e-3
    }
  }
}

